{
  "BernFiveFullTimeHomogeneous": {
    "RunCount": 5,
    "CoverageMean": 1.217204301075269,
    "CoverageStdDev": 0.008996344371334139,
    "TargetReachedMean": 0.8400000000000001,
    "TargetReachedStdDev": 0.08944271909999157,
    "SlotGiniMean": 0.01484918047330716,
    "SlotGiniStdDev": 0.005239681943700143,
    "ShiftTypeEntropyMean": 1.4799865818335483,
    "ShiftTypeEntropyStdDev": 0.040126676356110134,
    "MaxConsecutiveBlockLenMean": 6,
    "MaxConsecutiveBlockLenMax": 6
  },
  "HeterogeneousMix": {
    "RunCount": 5,
    "CoverageMean": 1.1806451612903226,
    "CoverageStdDev": 0.020683208668463793,
    "TargetReachedMean": 1,
    "TargetReachedStdDev": 0,
    "SlotGiniMean": 0.036367163830669555,
    "SlotGiniStdDev": 0.008895829590433682,
    "ShiftTypeEntropyMean": 1.1682027392739625,
    "ShiftTypeEntropyStdDev": 0.26156773669713457,
    "MaxConsecutiveBlockLenMean": 6,
    "MaxConsecutiveBlockLenMax": 6
  }
}